Workbook

Sheet Trees
A1: Tree ID | B1: Art (Species) | C1: Variant / Cultivar | D1: År | E1: Løpenummer (auto) | F1: Status | G1: Anskaffelse | H1: Anskaffelsesverdi | I1: Hvor kjøpt / tidligere eier | J1: Estimert alder | K1: Potte | L1: Plassering | M1: Notater
A2: =IF(B2="","",VLOOKUP(B2,Lists!$A$2:$B$25,2,FALSE)&"-"&D2&"-"&TEXT(E2,"000")) | E2: =IF(B2="","",COUNTIFS($B$2:B2,B2,$D$2:D2,D2))
A3: =IF(B3="","",VLOOKUP(B3,Lists!$A$2:$B$25,2,FALSE)&"-"&D3&"-"&TEXT(E3,"000")) | E3: =IF(B3="","",COUNTIFS($B$2:B3,B3,$D$2:D3,D3))
A4: =IF(B4="","",VLOOKUP(B4,Lists!$A$2:$B$25,2,FALSE)&"-"&D4&"-"&TEXT(E4,"000")) | E4: =IF(B4="","",COUNTIFS($B$2:B4,B4,$D$2:D4,D4))
A5: =IF(B5="","",VLOOKUP(B5,Lists!$A$2:$B$25,2,FALSE)&"-"&D5&"-"&TEXT(E5,"000")) | E5: =IF(B5="","",COUNTIFS($B$2:B5,B5,$D$2:D5,D5))
A6: =IF(B6="","",VLOOKUP(B6,Lists!$A$2:$B$25,2,FALSE)&"-"&D6&"-"&TEXT(E6,"000")) | E6: =IF(B6="","",COUNTIFS($B$2:B6,B6,$D$2:D6,D6))
A7: =IF(B7="","",VLOOKUP(B7,Lists!$A$2:$B$25,2,FALSE)&"-"&D7&"-"&TEXT(E7,"000")) | E7: =IF(B7="","",COUNTIFS($B$2:B7,B7,$D$2:D7,D7))
A8: =IF(B8="","",VLOOKUP(B8,Lists!$A$2:$B$25,2,FALSE)&"-"&D8&"-"&TEXT(E8,"000")) | E8: =IF(B8="","",COUNTIFS($B$2:B8,B8,$D$2:D8,D8))
A9: =IF(B9="","",VLOOKUP(B9,Lists!$A$2:$B$25,2,FALSE)&"-"&D9&"-"&TEXT(E9,"000")) | E9: =IF(B9="","",COUNTIFS($B$2:B9,B9,$D$2:D9,D9))
A10: =IF(B10="","",VLOOKUP(B10,Lists!$A$2:$B$25,2,FALSE)&"-"&D10&"-"&TEXT(E10,"000")) | E10: =IF(B10="","",COUNTIFS($B$2:B10,B10,$D$2:D10,D10))
A11: =IF(B11="","",VLOOKUP(B11,Lists!$A$2:$B$25,2,FALSE)&"-"&D11&"-"&TEXT(E11,"000")) | E11: =IF(B11="","",COUNTIFS($B$2:B11,B11,$D$2:D11,D11))
A12: =IF(B12="","",VLOOKUP(B12,Lists!$A$2:$B$25,2,FALSE)&"-"&D12&"-"&TEXT(E12,"000")) | E12: =IF(B12="","",COUNTIFS($B$2:B12,B12,$D$2:D12,D12))
A13: =IF(B13="","",VLOOKUP(B13,Lists!$A$2:$B$25,2,FALSE)&"-"&D13&"-"&TEXT(E13,"000")) | E13: =IF(B13="","",COUNTIFS($B$2:B13,B13,$D$2:D13,D13))
... A1499: =IF(B1499="","",VLOOKUP(B1499,Lists!$A$2:$B$25,2,FALSE)&"-"&D1499&"-"&TEXT(E1499,"000")) | E1499: =IF(B1499="","",COUNTIFS($B$2:B1499,B1499,$D$2:D1499,D1499))

Sheet Lists
A1: Species | B1: Code
A2: Juniperus chinensis | B2: JCH
A3: Juniperus procumbens | B3: JPR
A4: Juniperus rigida | B4: JRI
A5: Juniperus communis | B5: JCO
A6: Juniperus sabina | B6: JSA
A7: Acer palmatum | B7: APA
A8: Acer buergerianum | B8: ABU
A9: Acer japonicum | B9: AJO
A10: Acer campestre | B10: ACA
A11: Pinus thunbergii | B11: PTH
A12: Pinus sylvestris | B12: PSY
... A25: Pyrus pyraster | B25: PPY
A27: Varieties
A28: Itoigawa
A29: Kishu
A30: Shimpaku
A31: Blaauw
A32: Blue Alps
A33: San Jose
A34: Sargentii
A35: Deshojo
A36: Seigen
A37: Kiyohime
A38: Katsura
... A111: Innendørs

Sheet Dashboard
A1: Bonsai samling oversikt
A3: Totalt antall trær: | B3: =COUNTA(Trees!A:A)-1
A5: Antall Bonsai: | B5: =COUNTIF(Trees!F:F,"Bonsai")
A6: Antall Prebonsai: | B6: =COUNTIF(Trees!F:F,"Prebonsai")
A7: Antall Yamadori: | B7: =COUNTIF(Trees!G:G,"Yamadori")
